Año,Tema,Artista,Paí­s,Género,Spotify_ID
1960,Theme from A Summer Place,Percy Faith,EE.UU.,Instrumental | Pop,6zwvB879PJSpTyFcg2wwnL
1960,It's Now or Never,Elvis Presley,EE.UU. | Reino Unido | España,Rock Internacional | Pop,1XunTmhOcj3xwh4b8P3isX
1960,Locamente te amaré,Dúo Dinámico,España | Argentina,Pop | Rock Español | Hit del Verano,3StQ0bAwMK5WIke2RaV1JI
1960,Cathy's Clown,The Everly Brothers,EE.UU. | Reino Unido,Rock Internacional | Pop,27bw4i8LnECzVlbMZ4kFHw
1960,La Boa,Sonora Santanera,Argentina,Tropical | Hit del Verano,7ABQCjoIihsCbVb4ixsTEf
1960,Only the Lonely,Roy Orbison,EE.UU. | Reino Unido,Rock Internacional | Pop,0PkBTqRtN25z3oKasWoKlj
1960,The Twist,Chubby Checker,EE.UU.,Rock n Roll | Pop,4YCnTYbq3oL1Lqpyxg33CU
1960,Apache,The Shadows,Reino Unido,Rock Instrumental,0sZy1HE2aGBQABHfVRQ4jB
1961,Tossin' and Turnin',Bobby Lewis,EE.UU.,R&B | Rock n Roll,12b6oUDbbPNNfsMRFLKXPl
1961,Runaway,Del Shannon,EE.UU. | Reino Unido,Rock Internacional,45Szkclj1lt4ubm7RFK68t
1961,Quince años tiene mi amor,Dúo Dinámico,España | Argentina,Pop | Rock Español,5TdRaNXaSGasywwqTWdtKH
1961,Popotitos,Los Teen Tops,Argentina,Rock n Roll | Rock Argentino,38L3rbSvk8g07n9ha08u4P
1961,Are You Lonesome Tonight?,Elvis Presley,EE.UU. | Reino Unido | España,Rock Internacional | Pop,4xUqqie4bBKufHtlMuZS3k
1961,Blue Moon,The Marcels,EE.UU. | Reino Unido,Rock Internacional | One Hit Wonder,42ojLX3UYsp4XhaX0sx29E
1961,La Novia,Antonio Prieto,España | Argentina,Pop | Hit del Verano,2xGu47sNGX9GQM4G2JSM4L
1961,Hit the Road Jack,Ray Charles,EE.UU.,R&B | Soul,5dUMh0ugelpKfoFp3qChuK
1962,I Remember You,Frank Ifield,Reino Unido,Pop | Rock Internacional,7JO0jDBKdB5c1zgUhPMogF
1962,Stranger on the Shore,Acker Bilk,EE.UU. | Reino Unido,Instrumental | One Hit Wonder,1UUqBCegaEWTuaYdwc7QQx
1962,Bienvenido Amor,Palito Ortega,Argentina,Pop | Rock Argentino,63qizkZQgaY3tiZF0jUS1Z
1962,Perdóname,Dúo Dinámico,España,Pop | Rock Español,3hBR2cVTblqkLe0OGoTkua
1962,Wonderful Land,The Shadows,Reino Unido,Rock Instrumental,7yrAJDi3c35byX8HdtBSJM
1962,Return to Sender,Elvis Presley,EE.UU. | Reino Unido,Rock Internacional | Pop,3uwIoa2emQILz6BmH6MtiW
1962,Mari Carmen,Dúo Dinámico,España,Pop | Rock Español,7DUIrKeVg3rF9DTpi2bCI6
1962,The Loco-Motion,Little Eva,EE.UU.,Pop | Rock Internacional,5xzdDMhFYiuUONB0Mha9VS
1963,She Loves You,The Beatles,EE.UU. | Reino Unido,Rock Internacional | Pop,0qsS2A3hwicJCLtcaR6JRQ
1963,Surfin' U.S.A.,The Beach Boys,EE.UU. | Argentina,Rock Internacional | Surf Rock,0wz1LjDb9ZNEYwOmDJ3Q4b
1963,Dame felicidad,Enrique Guzmán,España | Argentina,Pop | Rock Español,4jVhbgS5EIhjXGwtdTyVWq
1963,Sugar Shack,Jimmy Gilmer and the Fireballs,EE.UU.,Rock Internacional | Pop,6ub5UGdlEPJZl8lHDtJKZS
1963,Dile,Luis Aguilé,Argentina,Pop | Hit del Verano,7lnlxvKtaHz3JqGxZDl6Wy
1963,I Will Follow Him,Little Peggy March,EE.UU.,Pop | Rock Internacional,63Avy2p9U71fVF4adP7Tcq
1963,Be My Baby,The Ronettes,EE.UU.,Pop | Rock Internacional,1WN4uNclrDuczTO3bCr8s1
1963,From Me to You,The Beatles,Reino Unido,Rock Internacional | Pop,1euKWJfJSfPhgSendPrcXb
1964,I Want to Hold Your Hand,The Beatles,EE.UU. | Reino Unido | Argentina,Rock Internacional | Pop,5Qe7NHxeLAn8KoLTNLSdwe
1964,Can't Buy Me Love,The Beatles,EE.UU. | Reino Unido,Rock Internacional | Pop,3SdingSsFcZDZAyvcJbgAw
1964,Cómo te extraño mi amor,Leo Dan,Argentina,Pop | Balada,5ozZHuU1nWqq2UaFM9xa5A
1964,Flamenco,Los Brincos,España,Pop | Rock Español,0Ouv1zi0SXDnFtREEsps4K
1964,Oh Pretty Woman,Roy Orbison,EE.UU. | Reino Unido,Rock Internacional | Pop,48i055G1OT5KxGGftwFxWy
1964,A Hard Day's Night,The Beatles,EE.UU. | Reino Unido,Rock Internacional | Pop,65vdMBskhx3akkG9vQlSH1
1964,Sapore di sale,Gino Paoli,España,Pop | Hit del Verano,3DAFQyYYpTDEuChTS8eTU7
1964,The House of the Rising Sun,The Animals,EE.UU. | Reino Unido,Rock Internacional,4mn2kNTqiGLwaUR8JdhJ1l
1965,(I Can't Get No) Satisfaction,The Rolling Stones,EE.UU. | Reino Unido | España,Rock Internacional,2PzU4IB8Dr6mxV3lHuaG34
1965,Wooly Bully,Sam the Sham & the Pharaohs,EE.UU. | Argentina,Rock Internacional | Garage Rock,4GNmvOYZW11lGzcZm0FKGY
1965,Help!,The Beatles,EE.UU. | Reino Unido | España,Rock Internacional,7DD7eSuYSC5xk2ArU62esN
1965,La Yenka,Johnny and Charley,España,Pop | Hit del Verano,7nRbvkokbGoklmK255bVuY
1965,La chica ye-yé,Conchita Velasco,España,Pop | Rock Español,0jexMGrivlujJUiXcoJfWv
1965,Ticket to Ride,The Beatles,EE.UU. | Reino Unido,Rock Internacional | Pop,7CZiDzGVjUssMSOXrDNYHL
1965,Zamba de mi esperanza,Jorge Cafrune,Argentina,Folklore | Pop,5L0QkgiZv1k6KjIk4Aptms
1965,Yesterday,The Beatles,EE.UU. | Reino Unido | España,Rock Internacional | Pop,3BQHpFgAp4l80e1XslIjNI
1966,Black is Black,Los Bravos,España | EE.UU. | Reino Unido,Rock Español | Rock Internacional,4uaffKRsN1NEQWVmkwMDAZ
1966,Paint It Black,The Rolling Stones,EE.UU. | Reino Unido | España,Rock Internacional,63T7DJ1AFDD6Bn8VzG6JE8
1966,Strangers in the Night,Frank Sinatra,EE.UU. | Reino Unido | España,Pop | Crooner,74VR3AkGPhbYXnxcOYa16x
1966,Juanita Banana,Luis Aguilé,Argentina | España,Pop | Hit del Verano,2f17KX8dxfyxIOVV4PP6RA
1966,California Dreamin',The Mamas and the Papas,EE.UU. | Argentina,Pop | Folk Rock,4s6LhHAV5SEsOV0lC2tjvJ
1966,Monday Monday,The Mamas and the Papas,EE.UU. | Reino Unido | España,Pop | Rock Internacional,3EFb1qDgIqf9MegIryKtDj
1966,Good Vibrations,The Beach Boys,EE.UU. | Reino Unido,Rock Internacional,5t9KYe0Fhd5cW6UYT4qP8f
1966,Reach Out I'll Be There,The Four Tops,EE.UU. | Reino Unido,Soul | Rock Internacional,6Pkj4nv5K53i64cLVgkVyY
1967,La Balsa,Los Gatos,Argentina,Rock Argentino | Rock Nacional,4J2xMy0kakU9sAin1uppxb
1967,All You Need Is Love,The Beatles,EE.UU. | Reino Unido | España,Rock Internacional | Pop,68BTFws92cRztMS1oQ7Ewj
1967,To Sir with Love,Lulu,EE.UU. | Argentina,Pop | One Hit Wonder,1C1dPegkqX6HMoWcAY5LWA
1967,Lola,Los Brincos,España,Pop | Rock Español,1rONQMGx0xiwAyPgGWAkRh
1967,A Whiter Shade of Pale,Procol Harum,Reino Unido | España,Rock Internacional | One Hit Wonder,7DsQgIwg23u9gooCxkRTu3
1967,Happy Together,The Turtles,EE.UU.,Rock Internacional | Pop,1JO1xLtVc8mWhIoE3YaCL0
1967,San Francisco,Scott McKenzie,EE.UU. | Reino Unido | España,Pop | Hit del Verano,6vcNJUWtUPB0hKC6VbZriY
1967,Respect,Aretha Franklin,EE.UU.,Soul | R&B,7s25THrKz86DM225dOYwnr
1968,Hey Jude,The Beatles,EE.UU. | Reino Unido | Argentina,Rock Internacional,1eT2CjXwFXNx6oY5ydvzKU
1968,Tengo,Sandro,Argentina,Pop | Rock Argentino,4ADkfiY6Dejdr3ukiLF4MJ
1968,Delilah,Tom Jones,Reino Unido | España,Pop | Rock Internacional,2v8B8d17Xxu9uLU5sNiHSL
1968,Cállate niña,Pic Nic,España,Pop | One Hit Wonder,7s2ZSFHdtbkpRV7sqvbv5H
1968,El extraño de pelo largo,La Joven Guardia,Argentina,Rock Argentino | Pop,684mSIt8bHBYGgIQjFsERt
1968,La la la,Massiel,España,Pop | Rock Español,1ApXNkjfjxkSDoezO8Kh8g
1968,Jumpin' Jack Flash,The Rolling Stones,EE.UU. | Reino Unido,Rock Internacional,1uBsu3PbD2909UBIfEMLvK
1968,Congratulations,Cliff Richard,Reino Unido | España,Pop,1ZfbMOw5VSh5Qqr8hgLCkJ
1969,Muchacha (Ojos de papel),Almendra,Argentina,Rock Argentino | Rock Nacional,6GPkBUXMrGSkwK3TrrHHXN
1969,Sugar Sugar,The Archies,EE.UU. | Reino Unido | España,Pop | One Hit Wonder,6MTd61g9zq6CB1FnJydjEb
1969,Marí­a Isabel,Los Payos,España | Argentina,Pop | Hit del Verano,0CAM2xrzwf9UeSKTY2J9Zp
1969,Get Back,The Beatles,EE.UU. | Reino Unido | España,Rock Internacional,4MLBqAEzNN89o2M9h92Z26
1969,Fuiste mí­a un verano,Leonardo Favio,Argentina,Pop | Balada,2pK7tq9N5Yr7w9gZbWpNxe
1969,Honky Tonk Women,The Rolling Stones,EE.UU. | Reino Unido,Rock Internacional,3fnPv1LRMxENr63afVhaz1
1969,Las flechas del amor,Karina,España,Pop | Rock Español,1a5WojZ2nwjfVF1RguJMXU
1969,Suspicious Minds,Elvis Presley,EE.UU.,Rock Internacional | Pop,1H5IfYyIIAlgDX8zguUzns
1970,Bridge Over Troubled Water,Simon & Garfunkel,EE.UU. | Reino Unido,Pop | Rock Internacional,6l8EbYRtQMgKOyc1gcDHF9
1970,Un rayo de sol,Los Diablos,España | Argentina,Pop | Hit del Verano,5juAYZUZPMEWJlzwoa9nOO
1970,Presente,Vox Dei,Argentina,Rock Argentino | Rock Nacional,6umvXvvu0cFU3VDxeHv96i
1970,Venus,Shocking Blue,EE.UU. | España,Rock Internacional | One Hit Wonder,0Z3xhSOhrawLV81YdiDiiJ
1970,El Oso,Moris,Argentina,Rock Argentino | Rock Nacional,42WA51ZqDPtp4ZhJj2ngAB
1970,In the Summertime,Mungo Jerry,EE.UU. | Reino Unido | España,Pop | Rock Internacional | Hit del Verano,36xVTZU8HMpcgEdlJ4I3Kv
1970,Jugo de tomate,Manal,Argentina,Rock Argentino | Blues Rock,0agzpJR3jRbfLKhG5nWxx3
1970,Let It Be,The Beatles,EE.UU. | Reino Unido | España,Rock Internacional,7iN1s7xHE4ifF5povM6A48
1971,Joy to the World,Three Dog Night,EE.UU.,Rock Internacional | Pop,2ymeOsYijJz09LfKw3yM2x
1971,My Sweet Lord,George Harrison,EE.UU. | Reino Unido | España,Rock Internacional,0KZodeWxqxd88F9wY1cqgs
1971,Help Ayúdame,Tony Ronald,España | Argentina,Pop | Hit del Verano,61VeJ59zufLceZXb1SSVKu
1971,Mañana campestre,Arco Iris,Argentina,Rock Argentino | Rock Nacional,1f3uOzmizXQfkezHCdu53L
1971,Maggie May,Rod Stewart,EE.UU. | Reino Unido,Rock Internacional,6rovOdp3HgK1DeAMYDzoA7
1971,Brown Sugar,The Rolling Stones,EE.UU. | Reino Unido,Rock Internacional,61UuPxxYUvacEH6SHIK3sU
1971,Génesis,Vox Dei,Argentina,Rock Argentino | Rock Nacional,15D9TgU9UVUQX4q6JL8WXp
1971,Borriquito,Peret,España,Pop | Rumba | Hit del Verano,7uhGDWrWQDFYNLnJlhPt9F
1972,Amazing Grace,Royal Scots Dragoon Guards,Reino Unido,Instrumental | Pop,6I3NxBRBsqbJEJ3JmMYqvE
1972,Alone Again (Naturally),Gilbert O'Sullivan,EE.UU.,Pop | Rock Internacional,54pvEYFocTlvIAQOfXSjqV
1972,Vacaciones de verano,Fórmula V,España | Argentina,Pop | Hit del Verano,6j9xYwHMFAHIUxMGLHoFQV
1972,Canción para mi muerte,Sui Generis,Argentina,Rock Argentino | Rock Nacional,0t0Kl5jxxV3s8bdpILkgmd
1972,El tren de las 16,Pappo's Blues,Argentina,Rock Argentino | Blues Rock,6rf3Ln67cA3RA2jpPwX5UV
1972,Un beso y una flor,Nino Bravo,España | Argentina,Pop | Balada,5IU4JO2cpa0wPK8oQWFfCr
1972,American Pie,Don McLean,EE.UU.,Folk Rock | Rock Internacional,1fDsrQ23eTAVFElUMaf38X
1972,Long Haired Lover from Liverpool,Jimmy Osmond,Reino Unido,Pop,2cp5JblQpPRyXSk5aLIXWD
1973,Tie a Yellow Ribbon Round the Ole Oak Tree,Tony Orlando and Dawn,EE.UU. | Reino Unido | España,Pop,2EnzSQ4CcxxpBrTGvS85Wz
1973,Rasguña las piedras,Sui Generis,Argentina,Rock Argentino | Rock Nacional,3lvAzKmRH8vzXQ4xm19v78
1973,Eva Marí­a,Fórmula V,España | Argentina,Pop | Hit del Verano,0NOHbT30WVbKMl2GK5YNnx
1973,América América,Nino Bravo,España,Pop | Balada,1p2eDDGJVJlBQJQzHIc22t
1973,Angie,The Rolling Stones,EE.UU. | Reino Unido | España,Rock Internacional,1GcVa4jFySlun4jLSuMhiq
1973,Crocodile Rock,Elton John,EE.UU.,Rock Internacional,6WCeFNVAXUtNczb7lqLiZU
1973,Killing Me Softly with His Song,Roberta Flack,EE.UU.,Soul | Pop,3gsCAGsWr6pUm1Vy7CPPob
1973,El jardí­n del Sr. Rodriguez,Aquelarre,Argentina,Rock Argentino | Rock Nacional,N/A
1974,The Way We Were,Barbra Streisand,EE.UU.,Pop | Rock Internacional,1vZTgn4JXWMahR8r99ug5H
1974,La fiesta de Blas,Fórmula V,España | Argentina,Pop | Hit del Verano,1b0zk12cACPIYKV2cC0dNt
1974,Tiger Feet,Mud,Reino Unido,Glam Rock | Rock Internacional,3QTLZ2m7xJy5VGr5owxewO
1974,Waterloo,ABBA,Reino Unido | España | Argentina,Pop | Rock Internacional,3Dy4REq8O09IlgiwuHQ3sk
1974,Kung Fu Fighting,Carl Douglas,EE.UU. | Reino Unido,Pop | Disco | One Hit Wonder,7K8QsHbmUpSX37oOCL4e2g
1974,Instituciones,Sui Generis,Argentina,Rock Argentino | Rock Nacional,0RPoVlxtkhJPaeeCNHTy85
1974,Todo el tiempo que puedas,Ví­ctor Manuel,España,Pop | Rock Español,N/A
1974,Sugar Baby Love,The Rubettes,Reino Unido,Pop | One Hit Wonder,294ii3rwz6bTJ2XMn5BDu0
1975,Bohemian Rhapsody,Queen,Reino Unido | Argentina,Rock Internacional | Masterpiece,4u7EnebtmKWzUH433cf5Qv
1975,Love Will Keep Us Together,Captain & Tennille,EE.UU.,Pop,4pCNJwixy2ImFncaPY2yE2
1975,El Bimbó,Georgie Dann,España | Argentina,Pop | Hit del Verano,N/A
1975,Fame,David Bowie,EE.UU.,Rock Internacional | Funk,1PehfITh0TTRx3LkDdV4h3
1975,Melina,Camilo Sesto,España | Argentina,Pop | Balada,3utK0tH0YhlB5fIjdy3em7
1975,Bye Bye Baby,Bay City Rollers,Reino Unido,Pop,7wC5vOh3fQibFYWjCIotKw
1975,Pequeñas delicias de la vida conyugal,Sui Generis,Argentina,Rock Argentino | Rock Nacional,1AauFM0V5DBNNwdTJfKGnr
1975,Silly Love Songs,Wings,EE.UU.,Rock Internacional | Pop,3uiMBldZ07pW0ySHDX5gzE
1976,Dancing Queen,ABBA,EE.UU. | Reino Unido | España,Pop | Disco,0GjEhVFGZW8afUYGChu3Rr
1976,Save Your Kisses for Me,Brotherhood of Man,Reino Unido,Pop,5vBIGb9PlCNvX3GNXUEmzY
1976,Esa eres tú,Danny Daniel,España,Pop | Balada,0DwnrYIhKDYr2momwPbqzM
1976,El anillo del Capitán Beto,Invisible,Argentina,Rock Argentino | Rock Nacional,23jMDvKil4frbTA35BVzBY
1976,Don't Go Breaking My Heart,Elton John & Kiki Dee,EE.UU. | Reino Unido,Pop,7HW5WIw7ZgZORCzUxv5gW5
1976,If You Leave Me Now,Chicago,EE.UU. | Reino Unido,Rock Internacional | Pop,0KMGxYKeUzK9wc5DZCt3HT
1976,La colina de la vida,Porsuigieco,Argentina,Rock Argentino | Rock Nacional,4IF6vEFY5C8u18PR1QUsws
1976,Â¿Qué pasa contigo tí­o?,Los Golfos,España,Pop | Hit del Verano,N/A
1977,Tonight's the Night,Rod Stewart,EE.UU.,Rock Internacional,10LRRKPmx8uHcSxLVWK0ct
1977,Mull of Kintyre,Wings,Reino Unido,Rock Internacional | Pop,5yrgufPBA1PqSIOHZHrkYa
1977,Seminare,Serú Girán,Argentina,Rock Argentino | Rock Nacional,7yPsoib9EoQVmK3loJgptI
1977,Fiesta,Raffaella Carrá ,España | Argentina,Pop | Hit del Verano,68JGom6rnaOviOQ8Ch4JgW
1977,You Light Up My Life,Debby Boone,EE.UU.,Pop | One Hit Wonder,3dFR132gzO8jxD57R2gid3
1977,Stayin' Alive,Bee Gees,EE.UU. | Reino Unido | España,Disco | Pop,3mRM4NM8iO7UBqrSigCQFH
1977,How Deep Is Your Love,Bee Gees,EE.UU. | Reino Unido,Pop,2JoZzpdeP2G6Csfdq5aLXP
1977,Mi buen amor,Camilo Sesto,España,Pop | Balada,3XaZWqQXsQTsdEIJxj4mzY
1978,Shadow Dancing,Andy Gibb,EE.UU.,Pop | Rock Internacional,4cPPgWxiyokgQdWVbl5NgE
1978,Rivers of Babylon,Boney M.,Reino Unido | España,Pop | Hit del Verano,78His8pbKjbDQF7aX5asgv
1978,Vivir así­ es morir de amor,Camilo Sesto,España | Argentina,Pop | Balada,3yzHIAzk3zVE1WgspS8W21
1978,Solo le pido a Dios,León Gieco,Argentina,Rock Argentino | Rock Nacional,3L7BpEVfClIMpJHy5e0Ehv
1978,You're the One That I Want,John Travolta & Olivia Newton-John,EE.UU. | Reino Unido | España,Pop | Musical,0B9x2BRHqj3Qer7biM3pU3
1978,Eiti Leda,Serú Girán,Argentina,Rock Argentino | Rock Nacional,5G76OBTD8vkr7Ns6Nrq8gc
1978,Esperanzas,Pecos,España,Pop | Rock Español,31dGdIOTnRAmK2lRwHD2iU
1978,Night Fever,Bee Gees,EE.UU. | Reino Unido,Disco | Pop,5KgbyD2lQQlIupAaPjgiXg
1979,My Sharona,The Knack,EE.UU.,Rock Internacional | One Hit Wonder,1HOMkjp0nHMaTnfAkslCQj
1979,Bright Eyes,Art Garfunkel,Reino Unido,Pop | Rock Internacional,3Jy0dWV5AnnfyTvHK6UWof
1979,Gloria,Umberto Tozzi,España | Argentina,Pop | Hit del Verano,35tzxthMBglBMjmZ7Fn1hj
1979,Alicia en el paí­s,Serú Girán,Argentina,Rock Argentino | Rock Nacional,519WGo9DQCtYP72a7Lmprj
1979,Y.M.C.A.,Village People,EE.UU. | Reino Unido | España,Disco | Pop,3ypMsqUwfNFMiooMLVHfkp
1979,Another Brick in the Wall (Part 2),Pink Floyd,EE.UU. | Reino Unido | Argentina,Rock Internacional,4gMgiXfqyzZLMhsksGmbQV
1979,La grasa de las capitales,Serú Girán,Argentina,Rock Argentino | Rock Nacional,5jTPNLIKppok9ABdkdpTxb
1979,Too Much Heaven,Bee Gees,España | Reino Unido,Pop,6T5GTy1l6dRmagqpNPjdoc
1980,Call Me,Blondie,EE.UU. | Reino Unido | España,Rock Internacional | New Wave,7HKxTNVlkHsfMLhigmhC0I
1980,Dime que me quieres,Tequila,España | Argentina,Rock n Roll | Rock Español,2IofpcCv3PjgZ5AjX446fi
1980,Funkytown,Lipps Inc.,EE.UU. | España,Pop | One Hit Wonder,3JU7GqkbT5S51rgCbYJ20t
1980,Don't Stand So Close to Me,The Police,Reino Unido | España,Rock Internacional,5veJDT0MLsLbhYsx42GXUD
1980,Solo le pido a Dios,León Gieco,Argentina,Rock Argentino | Rock Nacional,3L7BpEVfClIMpJHy5e0Ehv
1980,Santa Lucí­a,Miguel Rí­os,España,Rock Español | Pop,N/A
1980,The Winner Takes It All,ABBA,Reino Unido | España,Pop,3oEkrIfXfSh9zGnE7eBzSV
1980,Solo se trata de vivir,Litto Nebbia,Argentina,Rock Argentino | Rock Nacional,1bm5smrOqIXhQZTWBMAYnc
1981,Bette Davis Eyes,Kim Carnes,EE.UU. | Argentina,Pop | Rock Internacional,0odIT9B9BvOCnXfS0e4lB5
1981,Don't You Want Me,The Human League,Reino Unido,Pop | Synth-Pop,3L7RtEcu1Hw3OXrpnthngx
1981,Salta!,Tequila,España | Argentina,Rock Español | Pop,0M2tanh26PWePnaGVV3h3y
1981,Los pajaritos,Marí­a Jesús y su acordeón,España,Pop | Hit del Verano,3ZJPtGUVEYBHpKpbdQWeen
1981,Endless Love,Diana Ross & Lionel Richie,EE.UU.,Pop | Balada,5iwyLsQ5yjnCaRrJGyAPZM
1981,Ma quale idea,Pino D'Angií²,España,Pop | Disco | One Hit Wonder,N/A
1981,Wadu Wadu,Virus,Argentina,Rock Argentino | New Wave,76ibxRco0AGhgavIY4zSRh
1981,Gente del futuro,Miguel Cantilo y Punch,Argentina,Rock Argentino | Rock Nacional,N/A
1982,Physical,Olivia Newton-John,EE.UU. | Reino Unido,Pop,4gitetlGHZ9LfuJhwUhEhF
1982,Mil horas,Los Abuelos de la Nada,Argentina,Rock Argentino | Rock Nacional,7Mj6R7TjsPxeLYu0Xdvl73
1982,Bailando,Alaska y los Pegamoides,España,Pop | Rock Español | Hit del Verano,0OteyYh6inrfcil1XGwC3r
1982,Como una ola,Rocí­o Jurado,España,Pop | Balada,6tgtdoZd9WwJu6XPKScM1F
1982,No llores por mí­ Argentina,Serú Girán,Argentina,Rock Argentino | Rock Nacional,72Ov6lHPVrVMxHe38Rdpu2
1982,Come On Eileen,Dexys Midnight Runners,EE.UU. | Reino Unido,Rock Internacional | One Hit Wonder,3MrWxJaD2AT0W9DjWF64Vm
1982,Eye of the Tiger,Survivor,EE.UU.,Rock Internacional,2HHtWyy5CgaQbC7XSoOb0e
1982,Bienvenidos,Miguel Rí­os,España,Rock Español | Pop,N/A
1983,Every Breath You Take,The Police,EE.UU. | Reino Unido,Rock Internacional,1JSTJqkT5qHq8MDJnJbRE1
1983,Vamos a la playa,Righeira,España | Argentina,Pop | One Hit Wonder | Hit del Verano,3oQhgsBwOGaxr5dWKAim7Y
1983,Tratame Suavemente,Soda Stereo,Argentina,Rock Argentino | Rock Nacional,65DBZofI0b79kfHTcWWDuU
1983,Karma Chameleon,Culture Club,EE.UU. | Reino Unido | España,Pop,2wSAWEYUHkt92X4SBAPqZE
1983,Pensé que se trataba de cieguitos,Los Twist,Argentina,Rock Argentino | Rock Nacional,4vTjD2aIaRySj7tVo70w4D
1983,Billie Jean,Michael Jackson,EE.UU. | Reino Unido | España,Pop | R&B,7J1uxwnxfQLu4APicE5Rnj
1983,Flashdance... What a Feeling,Irene Cara,EE.UU.,Pop | One Hit Wonder,3cbV252akVZInSvJk7jAYX
1983,Clics Modernos,Charly Garcí­a,Argentina,Rock Argentino | Rock Nacional,N/A
1984,When Doves Cry,Prince,EE.UU.,Pop | Rock Internacional,6sby78fghipoXHQLeeZFFH
1984,Lobo hombre en Parí­s,La Unión,España | Argentina,Rock Español | Rock Nacional,3M1H1CWjrSq7nxABHc8EXv
1984,Do They Know It's Christmas?,Band Aid,Reino Unido,Pop | Rock Internacional,4Yg2w0P29BBBMixyeNjDtj
1984,Escuela de calor,Radio Futura,España,Rock Español | Pop | Hit del Verano,7J0niAY0FLzGiCVJUREl88
1984,Demoliendo hoteles,Charly Garcí­a,Argentina,Rock Argentino | Rock Nacional,29iIRrSuANyjnwag69PHOJ
1984,Like a Virgin,Madonna,EE.UU.,Pop,1ZPlNanZsJSPK5h9YZZFbZ
1984,Careless Whisper,George Michael,EE.UU. | Reino Unido,Pop,5ac3D4hNLW7NFhYFCThXgh
1984,Tirá para arriba,Miguel Mateos/Zas,Argentina,Rock Argentino | Rock Nacional,67wEz8F9d1SBBeX4IOWfck
1985,Careless Whisper,Wham!,EE.UU. | Reino Unido,Pop,N/A
1985,Cuando pase el temblor,Soda Stereo,Argentina,Rock Argentino | Rock Nacional,3uMYq07Kj5m564OQwdSCrD
1985,Live Is Life,Opus,España | Argentina,Pop | One Hit Wonder | Hit del Verano,5luOvrlnzfvJQdQjrScVj4
1985,Ni tú ni nadie,Alaska y Dinarama,España | Argentina,Rock Español | Rock Nacional,7LpS82vPDLgZAHWRtWBBRj
1985,La rubia tarada,Sumo,Argentina,Rock Argentino | Punk Rock,0RaRyvHA4z1VWq9BJhA65s
1985,We Are the World,USA for Africa,EE.UU. | Reino Unido | España | Argentina,Pop | Rock Internacional,3Z2tPWiNiIpg8UMMoowHIk
1985,The Power of Love,Jennifer Rush,Reino Unido | España,Pop,18DfMhEx4ddoreHrvZDF6Q
1985,Devuélveme a mi chica,Hombres G,España | Argentina,Rock Español | Pop,1Wrzhfa5bNlqvsnCztz190
1986,That's What Friends Are For,Dionne and Friends,EE.UU.,Pop,N/A
1986,Persiana americana,Soda Stereo,Argentina,Rock Argentino | Rock Nacional,71awpJoi5bqGMBrTkHDDoL
1986,La puerta de Alcalá,Ví­ctor Manuel y Ana Belén,España,Pop | Hit del Verano,N/A
1986,Ji Ji Ji,Los Redonditos de Ricota,Argentina,Rock Argentino | Rock Nacional,N/A
1986,Papa Don't Preach,Madonna,EE.UU. | Reino Unido,Pop,2IaW3ta7JQAOGZXosktG1M
1986,Livin' on a Prayer,Bon Jovi,EE.UU.,Rock Internacional,37ZJ0p5Jm13JPevGcx4SkF
1986,La muralla verde,Los Enanitos Verdes,Argentina,Rock Argentino | Rock Nacional,6OKhBvddAlWxxFnjbpilhu
1986,A quién le importa,Alaska y Dinarama,España,Pop | Rock Español,7Eb5AYiiGWItBNddlmxvnh
1987,Walk Like an Egyptian,The Bangles,EE.UU.,Pop | Rock Internacional | One Hit Wonder,1Jwc3ODLQxtbnS8M9TflSP
1987,Never Gonna Give You Up,Rick Astley,EE.UU. | Reino Unido,Pop | One Hit Wonder,4PTG3Z6ehGkBFwjybzWkR8
1987,Voyage Voyage,Desireless,España | Argentina,Pop | One Hit Wonder | Hit del Verano,2d8D7uk3tbAThjRkdfrx9c
1987,Nada que perder,Los Pericos,Argentina,Rock Argentino | Reggae,6UlD0JgjMvVXGB4J61w6hW
1987,La Bamba,Los Lobos,EE.UU. | Reino Unido | España,Rock Internacional | Pop,0uMMLry3hzWGn3q3loqMkm
1987,I Wanna Dance with Somebody,Whitney Houston,EE.UU. | Reino Unido,Pop,2tUBqZG2AbRi7Q0BIrVrEj
1987,Llegando los monos,Sumo,Argentina,Rock Argentino | Rock Nacional,3BrJ7GkNfHWRNxN4Nkeha3
1987,Un hombre busca a una mujer,Luis Miguel,España | Argentina,Pop,3ZRUhvuUE2lwZF19puKM8P
1988,Faith,George Michael,EE.UU. | Reino Unido,Pop,0HEmnAUT8PHznIAAmVXqFJ
1988,Vasos vací­os,Los Fabulosos Cadillacs,Argentina | España,Rock Argentino | Rock Nacional,N/A
1988,Gimme Hope Jo'Anna,Eddy Grant,España | Argentina,Pop | Hit del Verano,6295Cr4SGdjJgnJ6DLtZFn
1988,En la ciudad de la furia,Soda Stereo,Argentina,Rock Argentino | Rock Nacional,7J2885UBOaG6x3LLkp2YGf
1988,Every Rose Has Its Thorn,Poison,EE.UU.,Rock Internacional,43GS3mtezoIFiuIZCLLiDY
1988,The Loco-Motion,Kylie Minogue,Reino Unido,Pop,2hBR3npBmnfr1VWB3O64Jt
1988,Sufre mamón,Hombres G,España | Argentina,Rock Español | Pop,N/A
1988,Gente que no,Todos Tus Muertos,Argentina,Rock Argentino | Punk Rock,0nShxrQfMcHl2sTcUst04Q
1989,Look Away,Chicago,EE.UU.,Pop | Rock Internacional,2dEVFDQ9Z9Gyl73yhoKl65
1989,Lambada,Kaoma,Argentina | España,Pop | One Hit Wonder | Hit del Verano,6xepovPqjvrkEw9Y5AMmTm
1989,Aquí­ no hay playa,The Refrescos,España,Pop | Hit del Verano,4PRJD9T23GQKQYKhJQcGGY
1989,Loco (Tu forma de ser),Los Auténticos Decadentes,Argentina,Rock Argentino | Rock Nacional,3ydweVPwq9PCEVJ8WwqT6u
1989,Like a Prayer,Madonna,EE.UU. | Reino Unido | España,Pop,2v7ywbUzCgcVohHaKUcacV
1989,Ride On Time,Black Box,Reino Unido,Dance | One Hit Wonder,3pgainA2dH9c7e8JVYGRCN
1989,Rock del gato,Ratones Paranoicos,Argentina,Rock Argentino | Rock Nacional,3QyB8F5ZhYoai6qjC3evt4
1989,Venezia,Hombres G,España | Argentina,Rock Español | Pop,1wncA7mz0ntqvZ8UzFokGk
1990,Hold On,Wilson Phillips,EE.UU.,Pop,4VZDv8sASBS8UruUBGTFdk
1990,De música ligera,Soda Stereo,Argentina,Rock Argentino | Rock Nacional,2lpIh6Gr6HYjg1CFBaucS5
1990,Ojalá que llueva café,Juan Luis Guerra,España | Argentina,Pop | Hit del Verano,2HQqhVP8NOaoIhPTQ8I5bm
1990,Hacelo por mí­,Attaque 77,Argentina,Rock Argentino | Punk Rock,5zqXco5gN08t20hf5AO62z
1990,Vogue,Madonna,EE.UU. | Reino Unido | España,Pop,7j5TIXPi0cCbSSqItmbyZy
1990,Nothing Compares 2 U,Sinead O'Connor,EE.UU. | Reino Unido,Pop | Rock Internacional,5GHY1DFWKz3Prg2V0Iodqo
1990,Mujer amante,Rata Blanca,Argentina,Rock Argentino | Heavy Metal,4eCrF1FgVL4se3AkHOnLDL
1990,Maldito duende,Héroes del Silencio,España | Argentina,Rock Español | Rock Nacional,7vcDJCAO356RYkCfiUozmE
1991,Everything I Do,Bryan Adams,EE.UU. | Reino Unido | España,Rock Internacional | Pop,1Eb90nmqTrxylKFhcUzW8P
1991,Smells Like Teen Spirit,Nirvana,EE.UU. | Reino Unido | España,Rock Internacional | Grunge,4CeeEOM32jQcH3eN9Q2dGj
1991,Un poco de amor francés,Los Redonditos de Ricota,Argentina,Rock Argentino | Rock Nacional,N/A
1991,All My Loving,Los Manolos,España,Pop | Hit del Verano,2x3MxkdvKiWvLor7yNeLWB
1991,Mi enfermedad,Fabiana Cantilo,Argentina,Rock Argentino | Rock Nacional,46bGEqzd7anKKovVOZ9bTF
1991,Black or White,Michael Jackson,EE.UU. | Reino Unido | España,Pop,7EsjkelQuoUlJXEw7SeVV4
1991,Losing My Religion,R.E.M.,EE.UU.,Rock Internacional,31AOj9sFz2gM0O3hMARRBx
1991,Seguir viviendo sin tu amor,Luis Alberto Spinetta,Argentina,Rock Argentino | Rock Nacional,2qBirMakpTdz9ymxrZEyzg
1992,I Will Always Love You,Whitney Houston,EE.UU. | Reino Unido | España,Pop | Rock Internacional,4eHbdreAnSOrDDsFfc4Fpm
1992,El amor después del amor,Fito Páez,Argentina,Rock Argentino | Rock Nacional,1PQzZbitOJ6XPFg7FFzsKQ
1992,El tractor amarillo,Zapato Veloz,España | Argentina,Pop | One Hit Wonder | Hit del Verano,N/A
1992,End of the Road,Boyz II Men,EE.UU.,R&B | Pop,3l3xTXsUXeWlkPqzMs7mPD
1992,Stay,Shakespears Sister,Reino Unido,Pop | One Hit Wonder,6Mcoqi1iK28djC2EClVwDj
1992,Under the Bridge,Red Hot Chili Peppers,EE.UU.,Rock Internacional,3d9DChrdc6BOeFsbrZ3Is0
1992,Sin documentos,Los Rodrí­guez,España | Argentina,Rock Español | Rock Nacional,N/A
1992,Tan solo,Los Piojos,Argentina,Rock Argentino | Rock Nacional,6Soxxi73U6SO4rOGJwYYxI
1993,The Sign,Ace of Base,EE.UU. | Reino Unido | España,Pop,0hrBpAOgrt8RXigk83LLNE
1993,Matador,Los Fabulosos Cadillacs,Argentina | España,Rock Argentino | Rock Nacional,4bMZ60QNM6OEehI6b8RtS4
1993,El Tiburón,Proyecto Uno,Argentina | España,Pop | Hit del Verano,5ganthbzFyU5plIBjzomnG
1993,Â¿Qué ves?,Divididos,Argentina,Rock Argentino | Rock Nacional,N/A
1993,I'd Do Anything for Love,Meat Loaf,EE.UU. | Reino Unido,Rock Internacional,3IuSgREoO5y88HdIcE2Xee
1993,All That She Wants,Ace of Base,Reino Unido,Pop,6kWJvPfC4DgUpRsXKNa9z9
1993,Mi historia entre tus dedos,Gianluca Grignani,España | Argentina,Pop | Balada | One Hit Wonder,3UgduSS2bCMmatRox69u3g
1993,Sin documentos,Los Rodrí­guez,España | Argentina,Rock Español | Rock Nacional,N/A
1994,Love Is All Around,Wet Wet Wet,EE.UU. | Reino Unido,Pop | Rock Internacional,0PCGfA36HrVPmsBZJ57zOU
1994,La barbacoa,Georgie Dann,España,Pop | Hit del Verano,61fbKInmWBIJQyUexcogQC
1994,La ventanita,Sombras,Argentina,Tropical | Hit del Verano,2dfnK7rHRibkQR93iZn7Z2
1994,Lamento boliviano,Enanitos Verdes,Argentina | España,Rock Argentino | Rock Nacional,6Pur3hWy6Nzc27ilmsp5HA
1994,I'll Make Love to You,Boyz II Men,EE.UU.,R&B | Pop,7dfl9X38RhIvB3oSmmneq3
1994,Zombie,The Cranberries,EE.UU. | Reino Unido | España,Rock Internacional,3gjHnylel3PTRpjS44ocqr
1994,La ingrata,Café Tacvba,España | Argentina,Rock en Español,19ScoKGqnfUggyqOVQjsoH
1994,Chipi Chipi,Charly Garcí­a,Argentina,Rock Argentino | Rock Nacional,6pCZYiB2ZoLfDuapZbpKl8
1995,Gangsta's Paradise,Coolio,EE.UU. | Reino Unido,R&B | One Hit Wonder,1DIXPcTDzTj8ZMHt3PDt8p
1995,Macarena,Los del Rí­o,España | EE.UU. | Reino Unido | Argentina,Pop | One Hit Wonder | Hit del Verano,6mhw2fEPH4fMF0wolNm96e
1995,Mi Soledad y Yo,Alejandro Sanz,España,Pop | Balada,3GFLbBgMuY2RELNo6tMqOS
1995,Boombastic,Shaggy,EE.UU. | Reino Unido,Reggae | Pop,4fxF8ljwryMZX5c9EKrLFE
1995,Wonderwall,Oasis,Reino Unido | Argentina,Rock Internacional | Britpop,5qqabIl2vWzo9ApSC317sa
1995,Iberia sumergida,Héroes del Silencio,España,Rock Español,2PKhVCRILDBc7HYSIT9v0u
1995,Abarajame,Illya Kuryaki and the Valderramas,Argentina,Rock Argentino | Funk,3uLlpzZGQCMfhM0kmuI4qn
1995,You Are Not Alone,Michael Jackson,EE.UU. | Reino Unido | España,Pop,3AoeaZs8dFemFJr3JdzOL0
1996,Killing Me Softly,Fugees,EE.UU. | Reino Unido,R&B | Rock Internacional,0Q0IVlqMV64kNLlwjPj0Hl
1996,Bailando,Paradisio,España | Argentina,Pop | One Hit Wonder | Hit del Verano,6PwbVXIomkvk4YcafiOc6i
1996,Cachete pechito y ombligo,Pancho y la Sonora Colorada,Argentina,Tropical | Hit del Verano,1DMHU0Uns2RG4DYHPdSM6k
1996,Wannabe,Spice Girls,EE.UU. | Reino Unido | España,Pop,1Je1IMUlBXcx1Fz0WE7oPT
1996,Don't Look Back in Anger,Oasis,Reino Unido,Rock Internacional | Britpop,0UvCh63URrLFcPkKt99hHd
1996,El talismán,Rosana,España | Argentina,Pop,5NXYUnjruvZd3mXiJNJVeA
1996,Verano del '92,Los Piojos,Argentina,Rock Argentino | Rock Nacional,4NVKKVu4lMvxelWoH6G0JB
1996,Children,Robert Miles,España | Reino Unido,Trance | One Hit Wonder,4wtR6HB3XekEengMX17cpc
1997,Candle in the Wind 1997,Elton John,EE.UU. | Reino Unido,Pop,3DUcaEvPO72PijivCjtZcU
1997,La Flaca,Jarabe de Palo,España | Argentina,Rock Español | Pop | Hit del Verano,2LsbizbOeNa4x6qsi2jAMb
1997,Mueve tu cucu,Missiego,Argentina,Tropical | Hit del Verano,20Tn6vnsbwK3JhzRO21wIP
1997,Flaca,Andrés Calamaro,Argentina,Rock Argentino | Rock Nacional,1p7m9H4H8s0Y7SgRm7j3ED
1997,I'll Be Missing You,Puff Daddy,EE.UU. | Reino Unido,Hip-Hop,3QHONiXGMGU3z68mQInncF
1997,Corazón partí­o,Alejandro Sanz,España | Argentina,Pop,5pCOroTCQYaYbRB6Dt63VM
1997,Barbie Girl,Aqua,Reino Unido | España | Argentina,Pop | One Hit Wonder,5ZrDlcxIDZyjOzHdYW1ydr
1997,Loco,Andrés Calamaro,Argentina,Rock Argentino | Rock Nacional,0jePqZlutXGa8xz6NNyKAy
1998,Believe,Cher,EE.UU. | Reino Unido | España,Pop,2goLsvvODILDzeeiT4dAoR
1998,La copa de la vida,Ricky Martin,España | Argentina,Pop | Hit del Verano,5PrGG8gAKXl4bi1odVla7l
1998,Suavemente,Elvis Crespo,Argentina | España,Tropical | Hit del Verano,1MErjQ93iYHCjayOT1hl9N
1998,The Boy Is Mine,Brandy & Monica,EE.UU.,R&B,6sHsXIJoEN5JpdkGMQDJxt
1998,My Heart Will Go On,Celine Dion,EE.UU. | Reino Unido | España | Argentina,Pop | Balada,33LC84JgLvK2KuW43MfaNq
1998,Se viene,Bersuit Vergarabat,Argentina,Rock Argentino | Rock Nacional,3sDmwlRdEdsb1BLDChJSJV
1998,Ciega Sordomuda,Shakira,España | Argentina,Pop,7jxHeJLVpnP7S08JFF4GBi
1998,El revelde,La Renga,Argentina,Rock Argentino | Rock Nacional,24o76WATbnSIhV26hHgUHn
1999,Baby One More Time,Britney Spears,EE.UU. | Reino Unido,Pop,3MjUtNVVq3C8Fn0MP3zhXa
1999,Mambo No. 5,Lou Bega,EE.UU. | Reino Unido | España | Argentina,Pop | One Hit Wonder | Hit del Verano,6x4tKaOzfNJpEJHySoiJcs
1999,Ocho cuarenta,Rodrigo,Argentina,Tropical | Cuarteto | Hit del Verano,6jDx3MNG0yJdrvEBZohKBE
1999,Puente,Gustavo Cerati,Argentina,Rock Argentino | Rock Nacional,6gwaa6ElIixNTvu6RwkMyo
1999,Smooth,Santana ft. Rob Thomas,EE.UU.,Rock Internacional | Pop,0n2SEXB2qoRQg171q7XqeW
1999,Genie in a Bottle,Christina Aguilera,EE.UU. | Reino Unido,Pop,11mwFrKvLXCbcVGNxffGyP
1999,Livin' la Vida Loca,Ricky Martin,EE.UU. | Reino Unido | España | Argentina,Pop,0Ph6L4l8dYUuXFmb71Ajnd
1999,Vos sabés,Los Fabulosos Cadillacs,Argentina,Rock Argentino | Rock Nacional,7fb6cCaSVGF9lGfAg4cxFi
2000,Breathe,Faith Hill,EE.UU.,Country | Pop,3y4LxiYMgDl4RethdzpmNe
2000,Music,Madonna,EE.UU. | Reino Unido | España,Pop,2fzykVsO2Di5jnofUNX3YE
2000,La bomba,King í frica,España | Argentina,Pop | Hit del Verano,N/A
2000,Sueño su boca,Raúl,España,Pop | Hit del Verano,6niAwpJBZXjAa1Auhv6Hlw
2000,Independent Women,Destiny's Child,EE.UU. | Reino Unido,R&B | Pop,5JZpQuRIX8MTiKwuELjTlx
2000,It's My Life,Bon Jovi,España | Argentina,Rock Internacional,0v1XpBHnsbkCn7iJ9Ucr1l
2000,Para siempre,Ratones Paranoicos,Argentina,Rock Argentino | Rock Nacional,6ZahpCyZGFcisp28CWohSe
2000,Spaghetti del rock,Divididos,Argentina,Rock Argentino | Rock Nacional,6rg1MBZqggsQ5olFGTw0rr
2001,Hanging By A Moment,Lifehouse,EE.UU.,Rock Internacional | Pop,6jWLyg8AuMQ9LtIB2UlfOF
2001,Can't Get You Out of My Head,Kylie Minogue,Reino Unido,Pop,3E7ZwUMJFqpsDOJzEkBrQ7
2001,Mayonesa,Chocolate,España | Argentina,Pop | One Hit Wonder | Hit del Verano,5Qjx4obghhfhsh6DiUwpNM
2001,Color Esperanza,Diego Torres,Argentina,Pop | Rock Nacional,3eSJmGWqoBRx5wbFCtvPtz
2001,Lady Marmalade,Christina Aguilera,EE.UU. | Reino Unido,Pop | R&B,0PSZ9G584Ve27GK6ThlY6P
2001,Hero,Enrique Iglesias,EE.UU. | Reino Unido | España,Pop,4AkrkORGjiz7c90mwxAvdW
2001,Yo quiero bailar,Sonia y Selena,España,Pop | Hit del Verano,4rFCPjKfgbEeNvs1Ku4nbd
2001,Morrissey,Leo Garcí­a,Argentina,Rock Argentino | Pop,3jGGwpCN8mgdyqCm28VGMN
2002,How You Remind Me,Nickelback,EE.UU.,Rock Internacional,0gmbgwZ8iqyMPmXefof8Yf
2002,Lose Yourself,Eminem,EE.UU. | Reino Unido,Hip-Hop | Rock Internacional,1v7L65Lzy0j0vdpRjJewt1
2002,Aserejé,Las Ketchup,España | EE.UU. | Reino Unido | Argentina,Pop | One Hit Wonder | Hit del Verano,6NG2IIXZfC5Notpz0GIODU
2002,Dilemma,Nelly ft. Kelly Rowland,EE.UU. | Reino Unido,Hip-Hop | Pop,14MgTooapmJdLlEMAr2zAM
2002,Mi música es tu voz,Operación Triunfo,España,Pop,1Tm4BtpJ1nltk1ku9X3PiJ
2002,A Dios le pido,Juanes,España | Argentina,Rock en Español | Pop,129lYDVKnWtlJc2PZJviuA
2002,El sensei,Las Pastillas del Abuelo,Argentina,Rock Argentino | Rock Nacional,N/A
2002,Tu vicio,Charly Garcí­a,Argentina,Rock Argentino | Rock Nacional,3HaE5D0wBDeyf38f5w4CLa
2003,In Da Club,50 Cent,EE.UU.,Hip-Hop,7iL6o9tox1zgHpKUfh9vuC
2003,Papi Chulo,Lorna,España | Argentina,Reggaeton | One Hit Wonder | Hit del Verano,2VkPDAZMr1QrBxW4M4IYj1
2003,Está saliendo el sol,Intoxicados,Argentina,Rock Argentino | Rock Nacional,2pmHBQiIjVfTyn3p1rRbSB
2003,Where Is the Love?,Black Eyed Peas,EE.UU. | Reino Unido,Hip-Hop | Pop,0xmjwnQ3FNE6HuWCt2nHdZ
2003,Crazy in Love,Beyoncé,EE.UU. | Reino Unido,Pop | R&B,0TwBtDAWpkpM3srywFVOV5
2003,No es lo mismo,Alejandro Sanz,España,Pop,0dkoMbDYHgtayhzUo7ZJtx
2003,Esperando el milagro,Las Pelotas,Argentina,Rock Argentino | Rock Nacional,6qdzYRAmImdBwTcWJwk73y
2003,Sirena,Sin Bandera,Argentina,Pop | Balada,0jBxmxlS1YJza0SDEyTp5d
2004,Yeah!,Usher,EE.UU.,Hip-Hop | Pop,5rb9QrpfcKFHM1EUbSIurX
2004,Dragostea Din Tei,O-Zone,España | Argentina,Pop | One Hit Wonder | Hit del Verano,52Zr0sinhWTCRrQhRRY4EP
2004,Estadio Azteca,Andrés Calamaro,Argentina,Rock Argentino | Rock Nacional,03Ntkzzjkz7nFJldcPbL90
2004,Toxic,Britney Spears,Reino Unido | España,Pop,6I9VzXrHxO9rA9A5euc8Ak
2004,Bulerí­a,David Bisbal,España | Argentina,Pop,2s7WJ9IRON5zalNbfFY1xa
2004,Don,Miranda!,Argentina,Rock Argentino | Pop,0WajUW5XINeraP2w0F3F8E
2004,Left Outside Alone,Anastacia,España | Reino Unido,Pop | Rock Internacional,2uNq2hKb4X1S30hBgoywOF
2004,Traición,Miranda!,Argentina,Pop,6c0RkVllf6V7FPy1EUCclz
2005,We Belong Together,Mariah Carey,EE.UU.,Pop,4EI8VuxUuIHKfafU72emqz
2005,La Tortura,Shakira,EE.UU. | España | Argentina,Pop | Hit del Verano,53AafWSzYsiJKnAtJTUB5f
2005,Hung Up,Madonna,Reino Unido | España,Pop,3850dYVgOFIXJh5U4BFEWH
2005,Gold Digger,Kanye West,EE.UU.,Hip-Hop,1PS1QMdUqOal0ai3Gt7sDQ
2005,You're Beautiful,James Blunt,Reino Unido | España,Pop | One Hit Wonder,0vg4WnUWvze6pBOJDTq99k
2005,Dí­as de verano,Amaral,España,Pop | Rock Español,N/A
2005,Tu amor por siempre,Axel,Argentina,Pop | Balada,0gdXjabcDhUeitLTzxxPFd
2005,Tuyo siempre,Andrés Calamaro,Argentina,Rock Argentino | Rock Nacional,5cBdKHSiooNsZ3FIWlYdDh
2006,Bad Day,Daniel Powter,EE.UU.,Pop | One Hit Wonder,0mUyMawtxj1CJ76kn9gIZK
2006,Hips Don't Lie,Shakira,EE.UU. | Reino Unido | España,Pop | Hit del Verano,3d0WouFnFmr0K3kjeza3fF
2006,El bombón asesino,Los Palmeras,Argentina,Tropical | Hit del Verano,3oXduCcRcEogIRu1RfJwoQ
2006,Crimen,Gustavo Cerati,Argentina,Rock Argentino | Rock Nacional,3oqWr0jDWNXxWufNogGREp
2006,Crazy,Gnarls Barkley,Reino Unido,Soul | Pop | One Hit Wonder,1vxw6aYJls2oq3gW0DujAo
2006,Besos,El Canto del Loco,España,Pop | Rock Español,7MKO7rUZzjw8p87zdZDgqa
2006,Me voy,Julieta Venegas,España | Argentina,Pop,100Tm6z29RfHTdUQ6NIs0s
2006,Adiós,Gustavo Cerati,Argentina,Rock Argentino | Rock Nacional,1rh4kDY9T4fHVDum8Foi5k
2007,Umbrella,Rihanna,EE.UU. | Reino Unido | España,Pop,49FYlytm3dAAraYgpoJZux
2007,Irreplaceable,Beyonce,EE.UU.,Pop,1G7DcLzPnopdZjLkev0K4e
2007,Las de la intuición,Shakira,España | Argentina,Pop | Hit del Verano,7DnMd3BxVOedyOyR7K3F8L
2007,Bleeding Love,Leona Lewis,Reino Unido,Pop,7wZUrN8oemZfsEd1CGkbXE
2007,Eres,Café Tacvba,España | Argentina,Rock en Español,6kdCN6gTWLcLxmLXoUcwuI
2007,Perfecta,Miranda!,Argentina,Pop,09QfIIP4NUx4A3thmovb2o
2007,Ni contigo ni sin ti,Fangoria,España,Pop | Electronic,7rnaiQ32PP2mrAqWckqvpb
2007,Skay - El viaje de las partí­culas,Skay Beilinson,Argentina,Rock Argentino | Rock Nacional,N/A
2008,Low,Flo Rida,EE.UU.,Hip-Hop,0CAfXk7DXMnon4gLudAp7J
2008,Viva la Vida,Coldplay,EE.UU. | Reino Unido,Rock Internacional,1mea3bSkSGXuIRvnydlB5b
2008,Colgando en tus manos,Carlos Baute y Marta Sánchez,España | Argentina,Pop | Hit del Verano,3UI9I3e1g1y5T3SMfdgfGO
2008,I Kissed a Girl,Katy Perry,EE.UU. | Reino Unido | España,Pop,1pXrR5Y9OgcIV2JEAl2lCB
2008,Hallelujah,Alexandra Burke,Reino Unido,Pop,5IaR621NoOM6i5KTcuNRHM
2008,Ella Elle L'a,Kate Ryan,España,Pop | Dance,2uWK6uBDfyg78xfiH1iiFP
2008,Mi próximo movimiento,El Mató a un Policí­a Motorizado,Argentina,Rock Argentino | Rock Nacional,4bTrhfTOvC4X3KvFCvnz0I
2008,Adiós,Gustavo Cerati,Argentina,Rock Argentino | Rock Nacional,1rh4kDY9T4fHVDum8Foi5k
2009,I Gotta Feeling,Black Eyed Peas,EE.UU. | Reino Unido | España,Pop | Hit del Verano,4kLLWz7srcuLKA7Et40PQR
2009,Cactus,Gustavo Cerati,Argentina,Rock Argentino | Rock Nacional,1NeZxBuSEhikl0ZrOSgpuW
2009,Boom Boom Pow,Black Eyed Peas,EE.UU. | Reino Unido,Hip-Hop,3oDFtOhcN08qeDPAK6MEQG
2009,Poker Face,Lady Gaga,EE.UU. | Reino Unido,Pop,1QV6tiMFM6fSOKOGLMHYYg
2009,Loba,Shakira,España | Argentina,Pop,30XvfCUPHSK2rzxmPlJGFf
2009,Looking for Paradise,Alejandro Sanz ft. Alicia Keys,España,Pop,N/A
2009,Deja Vu,Gustavo Cerati,Argentina,Rock Argentino | Rock Nacional,6WgUNHiMwJazeG4kWPAH1m
2009,Mentiras,Los Amigos Invisibles,España | Argentina,Rock en Español | Funk,1vbFFcU0vV0OcALWhM9xJj
2010,Tik Tok,Kesha,EE.UU. | Reino Unido | España,Pop,0HPD5WQqrq7wPWR7P7Dw1i
2010,Waka Waka (Esto es í frica),Shakira,España | Argentina,Pop | Hit del Verano,N/A
2010,Danza Kuduro,Don Omar,España | Argentina,Reggaeton | Hit del Verano,2a1o6ZejUi8U3wzzOtCOYw
2010,Love the Way You Lie,Eminem ft. Rihanna,EE.UU. | Reino Unido | España,Hip-Hop,N/A
2010,Loca,Shakira,España | Argentina,Pop,42k1KeBehAd83lrGt1okiC
2010,Bad Romance,Lady Gaga,EE.UU. | Reino Unido | España,Pop,0SiywuOBRcynK0uKGWdCnn
2010,Solo un momento,Vicentico,Argentina,Rock Argentino | Rock Nacional,4UH2LBATmFlpN0XGRSpXoL
2010,16 añitos,Dani Martí­n,España,Pop | Rock Español,0tgiIdA7BEKOM6nSdBX84T
2011,Rolling in the Deep,Adele,EE.UU. | Reino Unido,Pop,1c8gk2PeTE04A1pIDH9YMk
2011,Party Rock Anthem,LMFAO,EE.UU. | España,Pop | One Hit Wonder | Hit del Verano,7mitXLIMCflkhZiD34uEQI
2011,Tirate un paso,Los Wachiturros,Argentina,Tropical | Hit del Verano,4Bb0zvyxchESHX1gNyAfWN
2011,Someone Like You,Adele,EE.UU. | Reino Unido,Pop,1zwMYTA5nlNjZxYrvBB2pV
2011,On the Floor,Jennifer Lopez ft. Pitbull,España | Argentina,Pop | Hit del Verano,5JyHpMmZt9rXTolIX9NZLR
2011,Ai se eu te pego,Michel Teló,España | Argentina,Pop | One Hit Wonder | Hit del Verano,29vem0DsWK4224LQyxcmA5
2011,Te voy a amar,Axel,Argentina,Pop | Balada,2pWBSBT4GLSqt4mb0dkokU
2011,Hacer un puente,La Franela,Argentina,Rock Argentino | Rock Nacional,18Q3WTfyWX1tdS1cp42NhA
2012,Somebody That I Used to Know,Gotye,EE.UU. | Reino Unido,Indie Pop | One Hit Wonder,1qDrWA6lyx8cLECdZE7TV7
2012,Gangnam Style,PSY,Reino Unido | Argentina,Pop | One Hit Wonder | Hit del Verano,03UrZgTINDqvnUMbbIMhql
2012,Diamonds,Rihanna,EE.UU. | Reino Unido | España,Pop,7i0jaBLpIADxqNbhAb4XFb
2012,Yo te esperaré,Cali y El Dandee,España | Argentina,Pop,0mGvaKpwLYoybnIoboC3uS
2012,We Are Young,fun.,EE.UU.,Pop | Rock Internacional | One Hit Wonder,5rgy6ghBq1eRApCkeUdJXf
2012,No te apartes de mí­,Vicentico,Argentina,Pop | Balada,74KqkyHbpneHF6JT8EwUOO
2012,Brillas,León Larregui,España | Argentina,Rock en Español,0SRddBTphQwQcfqw4Br1uX
2012,Mujeres bellas y fuertes,El Mató a un Policí­a Motorizado,Argentina,Rock Argentino | Rock Nacional,1DmEGR1gWk4YZAItLGtbzF
2013,Thrift Shop,Macklemore & Ryan Lewis,EE.UU. | Reino Unido,Hip-Hop,6CjtS2JZH9RkDz5UVInsa9
2013,Blurred Lines,Robin Thicke,EE.UU. | Reino Unido,Pop | Hit del Verano,0n4bITAu0Y0nigrz3MFJMb
2013,Wrecking Ball,Miley Cyrus,EE.UU. | Reino Unido,Pop,2vwlzO0Qp8kfEtzTsCXfyE
2013,Sin principio ni final,Abel Pintos,Argentina,Pop | Balada,6ihwy1c6tsMC6AWANIrhH2
2013,Get Lucky,Daft Punk,EE.UU. | Reino Unido | España | Argentina,Pop | Electronic,2Foc5Q5nqNiosCNqttzHof
2013,Propuesta Indecente,Romeo Santos,España | Argentina,Bachata | Hit del Verano,5PycBIeabfvX3n9ILG7Vrv
2013,Cero,Dani Martí­n,España,Pop | Rock Español,5vCgDt0CtheaWVKzMW5KkO
2013,Â¿Qué ves?,Divididos,Argentina,Rock Argentino | Rock Nacional,N/A
2014,Happy,Pharrell Williams,EE.UU. | Reino Unido | España,Pop | Hit del Verano,60nZcImufyMA1MKQY3dcCH
2014,Bailando,Enrique Iglesias,España | Argentina,Pop | Hit del Verano,6PSKhwo0mVcOdjUOhVJd5p
2014,Thinking Out Loud,Ed Sheeran,EE.UU. | Reino Unido | España,Pop,34gCuhDGsG4bRPIf9bb02f
2014,All About That Bass,Meghan Trainor,EE.UU. | Reino Unido,Pop | One Hit Wonder,5jE48hhRu8E6zBDPRSkEq7
2014,Como olvidarme,La Beriso,Argentina,Rock Argentino | Rock Nacional,4BoHTlFIrDSrPNp768Tyek
2014,Shake It Off,Taylor Swift,EE.UU.,Pop,0cqRj7pUJDkTCEsJkx8snD
2014,La ventanita,Sombras,Argentina,Tropical | Hit del Verano,2dfnK7rHRibkQR93iZn7Z2
2014,Tení­as que ser tú,Las Pelotas,Argentina,Rock Argentino | Rock Nacional,N/A
2015,Uptown Funk!,Mark Ronson ft. Bruno Mars,EE.UU. | Reino Unido | España,Pop | Funk,32OlwWuMpZ6b0aN2RZOeMS
2015,La Gozadera,Gente de Zona y Marc Anthony,España | Argentina,Pop | Hit del Verano,0OMRAvrtLWE2TvcXorRiB9
2015,Hello,Adele,EE.UU. | Reino Unido | España,Pop,62PaSfnXSMyLshYJrlTuL3
2015,Lean On,Major Lazer & DJ Snake,España | Argentina,Electronic | Pop | Hit del Verano,2e7s0oEzUoJtDSPtYJuVvD
2015,Sorry,Justin Bieber,EE.UU. | Reino Unido | España,Pop,09CtPGIpYB4BrO8qb1RGsF
2015,El perdón,Nicky Jam ft. Enrique Iglesias,España | Argentina,Reggaeton | Hit del Verano,N/A
2015,Desde el cielo,Fabiana Cantilo,Argentina,Rock Argentino | Rock Nacional,69Oi4X7gwuWjCSMmDxAqbU
2015,Hasta la raí­z,Natalia Lafourcade,España | Argentina,Rock en Español | Pop,N/A
2016,One Dance,Drake,EE.UU. | Reino Unido | España,Hip-Hop,1zi7xx7UVEFkmKfv06H8x0
2016,La bicicleta,Carlos Vives y Shakira,España | Argentina,Pop | Hit del Verano,N/A
2016,Closer,The Chainsmokers,EE.UU. | Reino Unido,Electronic | Pop,7BKLCZ1jbUBVqRi2FVlTVw
2016,Chantaje,Shakira ft. Maluma,España | Argentina,Reggaeton,7FbaWIOO2WojXWw2DUyEVv
2016,Love Yourself,Justin Bieber,EE.UU. | Reino Unido,Pop,50kpGaPAhYJ3sGmk6vplg0
2016,Duele el corazón,Enrique Iglesias ft. Wisin,España,Pop,6YZdkObH88npeKrrkb8Ggf
2016,Soy así­,Alejandra Guzmán,España | Argentina,Rock en Español,2f59UKerWyhPoPkhdozMZM
2016,La música,El Otro Yo,Argentina,Rock Argentino | Rock Nacional,4gz5NVMTYZT0uoqJ9LE41W
2017,Despacito,Luis Fonsi ft. Daddy Yankee,EE.UU. | Reino Unido | España | Argentina,Reggaeton | Pop | Hit del Verano,7CUYHcu0RnbOnMz4RuN07w
2017,Shape of You,Ed Sheeran,EE.UU. | Reino Unido | España,Pop,7qiZfU4dY1lWllzX7mPBI3
2017,Perfect,Ed Sheeran,EE.UU. | Reino Unido,Pop,0tgVpDi06FyKpA1z0VMD4v
2017,Mi Gente,J Balvin,España | Argentina,Reggaeton | Hit del Verano,7COfe3P7KgfwDwIRB8LIDw
2017,Felices los 4,Maluma,España | Argentina,Pop | Reggaeton,1RouRzlg8OKFeqc6LvdxmB
2017,Puto,Molotov,España | Argentina,Rock en Español,20pmVJoqcnabJJO6OCW1ZS
2017,Cosoco,Juana Molina,Argentina,Rock Argentino | Alternative,1W91rSyDj1v7zGNG1xrnr0
2017,Tumbando el club,Neo Pistea,Argentina,Trap | Hit del Verano,0OWcpVA83HI8Pb5DybDuoX
2018,God's Plan,Drake,EE.UU. | Reino Unido,Hip-Hop,6DCZcSspjsKoFjzjrWoCdn
2018,Me vas a extrañar,Damas Gratis,Argentina,Tropical | Hit del Verano,3CACzG9I3AoKUKA3ODE5zW
2018,One Kiss,Calvin Harris ft. Dua Lipa,Reino Unido | España,Electronic | Pop | Hit del Verano,N/A
2018,Lo Malo,Aitana y Ana Guerra,España,Pop | Reggaeton,4bgvwgywsQfqM3KJVRTtJu
2018,In My Feelings,Drake,EE.UU. | Reino Unido,Hip-Hop | Hit del Verano,2G7V7zsVDxg1yRsu7Ew9RJ
2018,Adan y Eva,Paulo Londra,Argentina | España,Trap | Pop,132ALUzVLmqYB4UsBj5qD6
2018,Vámonos de viaje,Bandalos Chinos,Argentina,Rock Argentino | Pop,1tyI6Sq6oBLsMmIgvBfQrI
2018,La pregunta,Babasónicos,Argentina,Rock Argentino | Alternative,5pEZBorbXbeDGNeCLg7En2
2019,Old Town Road,Lil Nas X,EE.UU. | Reino Unido,Hip-Hop | Country | Pop,2YpeDb67231RjR0MgVLzsG
2019,Tusa,Karol G ft. Nicki Minaj,España | Argentina,Reggaeton | Hit del Verano,26AdE2PDfQ93INKL5tMZ4F
2019,Con Altura,Rosalí­a,España,Urban | Pop | Hit del Verano,2qG5sZ7Si6sdK74qLxedYM
2019,Someone You Loved,Lewis Capaldi,EE.UU. | Reino Unido,Pop,7qEHsqek33rTcFNT9PFqLf
2019,Bad Guy,Billie Eilish,EE.UU. | Reino Unido | España | Argentina,Pop | alternative,2Fxmhks0bxGSBdJ92vM42m
2019,Calma,Pedro Capó ft. Farruko,España | Argentina,Pop | Reggaeton | Hit del Verano,N/A
2019,Canguro,Wos,Argentina,Rock Argentino | Trap,2UAWYufVaO3EnUUNzl0ppO
2019,Otro trago,Sech ft. Darell,Argentina | España,Reggaeton,N/A
2020,Blinding Lights,The Weeknd,EE.UU. | Reino Unido | España | Argentina,Pop | Synth-Pop,0VjIjW4GlUZAMYd2vXMi3b
2020,Hawái,Maluma,España | Argentina,Pop | Reggaeton,1yoMvmasuxZfqHEipJhRbp
2020,Savage Love,Jawsh 685 & Jason Derulo,EE.UU. | Reino Unido | España,Pop | Hit del Verano,1xQ6trAsedVPCdbtDAmk0c
2020,Dynamite,BTS,EE.UU. | Reino Unido | España,Pop,5QDLhrAOJJdNAmCTJ8xMyW
2020,Mamichula,Trueno ft. Nicki Nicole,Argentina,Trap | Hit del Verano,N/A
2020,Si me tomo una cerveza,Migrantes,Argentina,Cumbia | Hit del Verano,3lCbsHaN1wCxyDzcNN2x4N
2020,Nonsanto,Pilsen con León Gieco,Argentina,Rock Argentino | Punk Rock,N/A
2020,Karmadame,Zoé,España | Argentina,Rock en Español,1xO5aVaGg8ksIuH1TL9Ba3
2021,Butter,BTS,EE.UU.,Pop,6jjYDGxVJsWS0a5wlVF5vS
2021,Bad Habits,Ed Sheeran,Reino Unido | España,Pop,3rmo8F54jFF8OgYsqTxm5d
2021,Todo de ti,Rauw Alejandro,España | Argentina,Urban | Hit del Verano,3rdAz1fbUfZxYgaCviYhRo
2021,Drivers License,Olivia Rodrigo,EE.UU. | Reino Unido,Pop,5wANPM4fQCJwkGd4rN57mH
2021,Levitating,Dua Lipa,EE.UU.,Pop,39LLxExYz6ewLAcYrzQQyP
2021,Miénteme,Tini y Marí­a Becerra,Argentina,Pop | Hit del Verano,N/A
2021,Bandido,Myke Towers,España | Argentina,Urban,1xK1Gg9SxG8fy2Ya373oqb
2021,Mala vida,Nicki Nicole,Argentina,Trap | Urban,2m4XaNjXypugDbvSgt4DhY
2022,As It Was, Harry Styles,EE.UU. | Reino Unido | España,Pop,N/A
2022,Quevedo: Sessions 52,Bizarrap ft. Quevedo,España | Argentina,Urban | Pop | Hit del Verano,N/A
2022,La Bachata,Manuel Turizo,Argentina | España,Urban | Pop,5ww2BF9slyYgNOk37BlC4u
2022,Despechá,Rosalí­a,España | Argentina,Urban | Hit del Verano,53tfEupEzQRtVFOeZvk7xq
2022,Te Felicito,Shakira y Rauw Alejandro,España | Argentina,Pop | Reggaeton,64zcAZeIWHszCGKOSqAogH
2022,La Triple T,Tini,Argentina,Pop | Hit del Verano,7kYbxvrGXv8cmKjkqgqhrw
2022,Universo Paralelo,La K'onga,Argentina,Cuarteto,6LBpjWMfy1NUfyxAJbcMRs
2022,La cena,Marilina Bertoldi,Argentina,Rock Argentino | alternative,3LNfGVEaU6KP0uramTnpoj
2023,Flowers,Miley Cyrus,EE.UU. | Reino Unido | España,Pop,7DSAEUvxU8FajXtRloy8M0
2023,Nochentera,Vicco,España,Pop | Hit del Verano,20CozgjF6bshBw8cLhN23B
2023,Ya No Vuelvas,Luck Ra,Argentina,Tropical | Cuarteto,0u6JsFiEEXb6kaF0oqyeFi
2023,Shakira: Sessions 53,Bizarrap ft. Shakira,España | Argentina,Urban | Pop,N/A
2023,Vampire,Olivia Rodrigo,EE.UU. | Reino Unido,Pop,1kuGVB7EU95pJObxwvfwKS
2023,La Morocha,Luck Ra,Argentina,Tropical | Hit del Verano,6vRQqxOhUFd78p5tL8jXr7
2023,Ella baila sola,Eslabon Armado y Peso Pluma,EE.UU. | España,Pop | Regional Mexicano,N/A
2023,Last Christmas,Wham!,Reino Unido,Pop | Holiday,2FRnf9qhLbvw8fu4IBXx78
2024,A Bar Song (Tipsy),Shaboozey,EE.UU.,Country | Pop,2FQrifJ1N335Ljm3TjTVVf
2024,Potra Salvaje,Isabel Aaiún,España,Pop | Hit del Verano,6JsnloyAydl9aBfZyCaGuZ
2024,Hoy,Valentino Merlo,Argentina,Tropical | Cumbia,0SoBfYjQHvL6cuWHtPUYnq
2024,Si antes te hubiera conocido,Karol G,España | Argentina,Tropical | Hit del Verano,73scB4Q4fcOmnsBVZPmk32
2024,Not Like Us,Kendrick Lamar,EE.UU.,Hip-Hop,6AI3ezQ4o3HUoP6Dhudph3
2024,Birds of a Feather,Billie Eilish,EE.UU. | Reino Unido,Pop,6dOtVTDdiauQNBQEDOtlAB
2024,Hola Perdida,Luck Ra y Khea,Argentina,Tropical | Hit del Verano,N/A
2024,Una Foto,Mesita ft. Nicki Nicole,Argentina,Urban | Trap,N/A
2025,Die with a Smile,Lady Gaga & Bruno Mars,EE.UU. | Reino Unido | España,Pop,2plbrEY59IikOBgBGLjaoe
2025,Ordinary,Alex Warren,EE.UU. | Reino Unido,Pop,2RkZ5LkEzeHGRsmDqKwmaJ
2025,Amor de Vago,La T y La M,Argentina,Tropical | Cumbia,5MKbWaXeSQSmzmo7gPQha1
2025,The Fate of Ophelia,Taylor Swift,EE.UU. | Reino Unido | España,Pop,53iuhJlwXhSER5J2IYYv1W
2025,Dios es un stalker,Rosalí­a,España,Urban | Pop,6FdOGTRYvLCJ79d55YtGgZ
2025,La Perla,Rosalí­a,España | Argentina,Urban | Pop,4oVO4fGNRRvEn0CRuFO4qv
2025,Blackout,Emilia Tini & Nicki Nicole,Argentina | España,Urban | Pop,2efbgTtEGNpsUZaOfgRTR6
2025,Capaz (Merengueton),Alleh y Yorghaki,España | Argentina,Tropical | Hit del Verano,2dd3G3ZqEcG2cNS1tp3oEk
